{
    "averge_document_length": {
        "stars": 5.837458193979933,
        "genres": 2.494314381270903,
        "summaries": 286.37859531772574
    },
    "document_count": 1495
}