{
    "averge_document_length": {
        "stars": 6.142476697736352,
        "genres": 2.441300488237905,
        "summaries": 210.78450954283178
    },
    "document_count": 9012
}